{
	"fieldSets": [
		{
			"fields": [
				{
					"dataType": "string",
					"defaultValue": "home",
					"label": "header-icon-name",
					"name": "headerIconName",
					"type": "text"
				},
				{
					"dataType": "string",
					"defaultValue": "calendar",
					"label": "stats-icon-name",
					"name": "statsIconName",
					"type": "text"
				},
				{
					"dataType": "string",
					"defaultValue": "card-header-success",
					"label": "card-type",
					"name": "cardType",
					"type": "select",
					"typeOptions": {
						"validValues": [
							{
								"value": "card-header-success"
							},
							{
								"value": "card-header-warning"
							},
							{
								"value": "card-header-danger"
							},
							{
								"value": "card-header-info"
							}
						]
					}
				}
			]
		}
	]
}